country,election_year,actual_winner,predicted_winner,winner_correct,predicted_winner_polling_pct,predicted_winner_actual_pct,predicted_margin,actual_margin
australia,2019,L/NP (2PP),ALP (2PP),0,51.4,48.47,2.799999999999997,3.0600000000000023
australia,2022,ALP (2PP),ALP (2PP),1,51.46,52.13,4.119999999999997,4.260000000000005
canada,2015,LPC,LPC,1,38.48,39.46763851658088,7.419999999999998,7.556526834485897
canada,2019,CPC,CPC,1,32.260000000000005,34.40788799986406,0.30000000000000426,1.3399019712621367
uk,2017,CON,CON,1,42.6,42.34444816238784,3.200000000000003,2.356110001110409
uk,2019,CON,CON,1,43.66,43.62593244041456,10.839999999999996,11.54929185912087
us,2012,DEM,DEM,1,47.8712722,50.999088218498464,0.1598352000000034,3.799233667533386
us,2016,DEM,DEM,1,45.799278,48.07891285830436,4.166633999999995,2.015067979377534
