country,rows,elections,MAE,mean_error,RMSE
australia,4,2,1.7649999999999988,-0.29999999999999893,2.115395944025609
canada,10,2,1.0526333543328295,-0.11670925843536004,1.2584158051814476
uk,6,2,0.3800282852200552,0.07555858194588705,0.4438982165053931
us,5,2,2.244165893506676,-2.0395329138927085,2.6696502421062522
